dataset,site,idx,sum_var_i_cm2,sigma_total_sq_cm2,screening_ratio,cov_protein_water_cm2,corr_protein_water
slow,αW21,0,2067096.1,711996.9,0.6556,-359244.1,-0.4290
slow,αW346,1,5458082.1,945122.5,0.8268,-997948.6,-0.4673
slow,αW388,2,1625120.0,649330.9,0.6004,-165624.1,-0.3014
slow,αW407,3,2984089.9,997043.6,0.6659,-403108.2,-0.4005
slow,βW21,4,855138.5,519452.5,0.3926,-28551.0,-0.0818
slow,βW101,5,2473405.8,716195.1,0.7104,-423609.6,-0.4398
slow,βW344,6,2385918.6,455964.4,0.8089,-663708.4,-0.6373
slow,βW397,7,5908979.8,2111717.3,0.6426,-773037.2,-0.3753
fast,αW21,0,1277579.1,610948.7,0.5218,-213906.3,-0.4042
fast,αW346,1,3896321.4,569605.7,0.8538,-535132.5,-0.4020
fast,αW388,2,1256513.9,404703.9,0.6779,-64547.1,-0.1790
fast,αW407,3,1247143.3,741764.7,0.4052,-106543.8,-0.2246
fast,βW21,4,697402.9,526716.1,0.2447,37860.5,0.1534
fast,βW101,5,2097206.7,896381.5,0.5726,-143252.7,-0.1718
fast,βW344,6,1978583.0,393471.5,0.8011,-282752.9,-0.4007
fast,βW397,7,3675640.4,2285660.1,0.3782,-359741.6,-0.2215
