dataset,site,idx,sigma_total_cm,sigma_protein_cm,sigma_water_cm,sigma_nucleotide_cm,sigma_ions_cm
slow,αW21,0,843.799,845.535,990.062,161.784,587.583
slow,αW346,1,972.174,1385.784,1540.600,54.271,1077.000
slow,αW388,2,805.811,737.138,745.325,90.188,719.513
slow,αW407,3,998.521,756.090,1330.949,150.353,785.901
slow,βW21,4,720.731,558.185,625.303,45.250,387.688
slow,βW101,5,846.283,895.793,1074.996,205.015,687.528
slow,βW344,6,675.251,1027.152,1013.600,38.606,549.004
slow,βW397,7,1453.175,1247.822,1650.306,703.731,1063.813
fast,αW21,0,781.632,594.184,890.555,58.171,357.835
fast,αW346,1,754.722,990.268,1344.221,41.814,1052.138
fast,αW388,2,636.163,557.160,647.103,58.176,723.847
fast,αW407,3,861.258,529.640,895.664,109.198,390.489
fast,βW21,4,725.752,355.537,694.257,35.541,296.203
fast,βW101,5,946.774,926.592,899.770,153.032,636.882
fast,βW344,6,627.273,721.420,978.109,24.330,707.699
fast,βW397,7,1511.840,1173.450,1383.919,204.059,584.606
