dataset,site,idx,var_protein,var_water,var_nucleotide,var_ions,sum_2paircov_cm2,frac_2cov_pw,frac_2cov_pn,frac_2cov_pi,frac_2cov_wn,frac_2cov_wi,frac_2cov_ni,sigma_total_sq_cm2,sigma_recon_sq_cm2
slow,αW21,0,715108.0,980467.1,26180.7,345340.2,-1354921.2,-1.0091,0.1872,-0.6061,-0.0747,-0.2200,-0.1804,711996.9,712174.9
slow,αW346,1,1920877.0,2374040.7,2946.0,1160218.4,-4512723.3,-2.1118,0.0131,-1.5193,-0.0134,-1.1496,0.0062,945122.5,945358.8
slow,αW388,2,543507.7,555648.5,8136.0,517827.8,-975626.8,-0.5101,0.0548,-0.5736,-0.0415,-0.3506,-0.0814,649330.9,649493.2
slow,αW407,3,571815.3,1771868.4,22611.7,617794.4,-1986797.0,-0.8086,-0.1339,-0.2463,0.0712,-0.9224,0.0474,997043.6,997292.9
slow,βW21,4,311648.7,391101.9,2048.1,150339.8,-335556.1,-0.1099,0.0273,-0.2929,-0.0086,-0.2499,-0.0119,519452.5,519582.3
slow,βW101,5,802645.7,1155905.6,42041.5,472813.0,-1757031.6,-1.1829,-0.2202,-0.1572,0.0660,-0.9691,0.0101,716195.1,716374.1
slow,βW344,6,1055304.8,1027642.4,1490.8,301480.6,-1929840.2,-2.9112,0.0317,-0.7856,-0.0452,-0.5224,0.0002,455964.4,456078.4
slow,βW397,7,1557448.0,2724189.6,495361.0,1131981.2,-3796734.6,-0.7321,0.2537,-0.4306,-0.2013,-0.2135,-0.4741,2111717.3,2112245.2
fast,αW21,0,353056.4,793092.1,3383.9,128046.6,-666627.3,-0.7002,0.0504,-0.0446,-0.0397,-0.3436,-0.0133,610948.7,610951.8
fast,αW346,1,980635.8,1806937.9,1748.4,1106999.2,-3326712.8,-1.8790,-0.0237,-0.5087,0.0705,-3.4438,-0.0557,569605.7,569608.6
fast,αW388,2,310428.3,418744.3,3384.5,523956.8,-851808.0,-0.3190,0.0289,-0.5330,0.0301,-1.2035,-0.1083,404703.9,404705.9
fast,αW407,3,280519.8,802217.2,11924.2,152482.1,-505374.9,-0.2873,-0.1006,-0.1387,0.0384,-0.2306,0.0375,741764.7,741768.4
fast,βW21,4,126407.5,481995.7,1263.1,87736.5,-170684.1,0.1438,0.0124,-0.1086,-0.0033,-0.3656,-0.0027,526716.1,526718.7
fast,βW101,5,858576.2,809590.6,23418.9,405620.9,-1200820.7,-0.3196,-0.1755,-0.5514,-0.0173,-0.3492,0.0734,896381.5,896386.0
fast,βW344,6,520449.1,956702.1,591.9,500839.8,-1585109.6,-1.4372,-0.0045,-0.1641,-0.0137,-2.4223,0.0133,393471.5,393473.4
fast,βW397,7,1376992.9,1915241.5,41640.1,341765.9,-1389968.8,-0.3148,0.0525,-0.0475,-0.0206,-0.2650,-0.0127,2285660.1,2285671.5
