pair,idx_i,idx_j,component,trajectory,r0,N_eff,SE_r,significant,tau_xc_ps,A,offset
αW21–αW346,aW21,aW346,total,slow,-0.0132,94,0.105,no,16,0.0000,0.0017
αW21–αW388,aW21,aW388,total,slow,0.0470,94,0.105,no,50000,0.4043,-0.3325
αW21–αW407,aW21,aW407,total,slow,0.0210,94,0.105,no,50000,0.0647,-0.0455
αW21–βW21,aW21,bW21,total,slow,-0.0412,94,0.105,no,1,0.0000,-0.0053
αW21–βW101,aW21,bW101,total,slow,0.0004,94,0.105,no,4468,0.0085,-0.0019
αW21–βW344,aW21,bW344,total,slow,0.0178,94,0.105,no,676,0.0111,-0.0007
αW21–βW397,aW21,bW397,total,slow,-0.0154,94,0.105,no,1,0.9788,0.0010
αW346–αW388,aW346,aW388,total,slow,0.0110,94,0.105,no,50000,0.1254,-0.1034
αW346–αW407,aW346,aW407,total,slow,0.0223,94,0.105,no,50000,0.1456,-0.1279
αW346–βW21,aW346,bW21,total,slow,-0.0447,94,0.105,no,1,0.0000,-0.0062
αW346–βW101,aW346,bW101,total,slow,0.0142,94,0.105,no,1881,0.0517,-0.0133
αW346–βW344,aW346,bW344,total,slow,-0.0012,94,0.105,no,667,0.0008,0.0009
αW346–βW397,aW346,bW397,total,slow,-0.0007,94,0.105,no,50000,0.2095,-0.2007
αW388–αW407,aW388,aW407,total,slow,0.0558,94,0.105,no,42151,0.1673,-0.1079
αW388–βW21,aW388,bW21,total,slow,-0.0426,94,0.105,no,1,0.0000,-0.0074
αW388–βW101,aW388,bW101,total,slow,-0.0251,94,0.105,no,1,0.0000,0.0086
αW388–βW344,aW388,bW344,total,slow,0.0060,94,0.105,no,60,0.0104,0.0088
αW388–βW397,aW388,bW397,total,slow,-0.0118,94,0.105,no,1,0.0000,-0.0079
αW407–βW21,aW407,bW21,total,slow,-0.0143,94,0.105,no,1,0.0000,-0.0039
αW407–βW101,aW407,bW101,total,slow,0.0067,94,0.105,no,8,0.0679,0.0027
αW407–βW344,aW407,bW344,total,slow,0.0072,94,0.105,no,83,0.0137,0.0031
αW407–βW397,aW407,bW397,total,slow,-0.0061,94,0.105,no,555,0.0194,-0.0021
βW21–βW101,bW21,bW101,total,slow,-0.0247,94,0.105,no,23,0.0000,-0.0024
βW21–βW344,bW21,bW344,total,slow,0.0263,94,0.105,no,50000,0.2512,-0.2237
βW21–βW397,bW21,bW397,total,slow,-0.0314,94,0.105,no,1,0.0000,-0.0003
βW101–βW344,bW101,bW344,total,slow,0.0115,94,0.105,no,1449,0.0177,-0.0034
βW101–βW397,bW101,bW397,total,slow,-0.0233,94,0.105,no,1321,0.0085,-0.0015
βW344–βW397,bW344,bW397,total,slow,-0.0004,94,0.105,no,51,0.0231,-0.0060
αW21–αW346,aW21,aW346,protein,slow,0.0737,17,0.265,no,73,0.0185,0.0708
αW21–αW388,aW21,aW388,protein,slow,-0.0888,17,0.265,no,1,0.0000,-0.0742
αW21–αW407,aW21,aW407,protein,slow,-0.1927,17,0.265,no,1,0.0000,-0.1428
αW21–βW21,aW21,bW21,protein,slow,0.1369,17,0.265,no,316,0.0116,0.1282
αW21–βW101,aW21,bW101,protein,slow,0.3093,17,0.265,no,3435,0.3175,0.0142
αW21–βW344,aW21,bW344,protein,slow,0.2463,17,0.265,no,2231,0.1084,0.1441
αW21–βW397,aW21,bW397,protein,slow,0.1140,17,0.265,no,50000,0.2205,-0.0980
αW346–αW388,aW346,aW388,protein,slow,-0.0170,17,0.265,no,55,0.0071,-0.0250
αW346–αW407,aW346,aW407,protein,slow,-0.1319,17,0.265,no,1,0.0000,-0.1069
αW346–βW21,aW346,bW21,protein,slow,0.2056,17,0.265,no,4049,0.2851,-0.0438
αW346–βW101,aW346,bW101,protein,slow,0.1678,17,0.265,no,5095,0.2708,-0.0587
αW346–βW344,aW346,bW344,protein,slow,0.1689,17,0.265,no,36868,0.4199,-0.2394
αW346–βW397,aW346,bW397,protein,slow,-0.0001,17,0.265,no,1,0.0000,0.0107
αW388–αW407,aW388,aW407,protein,slow,0.0541,17,0.265,no,31,0.0086,0.0478
αW388–βW21,aW388,bW21,protein,slow,-0.0582,17,0.265,no,1,0.0000,-0.0219
αW388–βW101,aW388,bW101,protein,slow,-0.1169,17,0.265,no,1,0.0000,-0.0432
αW388–βW344,aW388,bW344,protein,slow,-0.1157,17,0.265,no,1,0.0000,-0.0743
αW388–βW397,aW388,bW397,protein,slow,0.0054,17,0.265,no,8321,0.2334,-0.1618
αW407–βW21,aW407,bW21,protein,slow,-0.1734,17,0.265,no,1,0.0000,-0.1514
αW407–βW101,aW407,bW101,protein,slow,-0.1121,17,0.265,no,1740,0.0177,-0.1388
αW407–βW344,aW407,bW344,protein,slow,-0.3395,17,0.265,no,1,0.0000,-0.2117
αW407–βW397,aW407,bW397,protein,slow,-0.0631,17,0.265,no,1,0.0000,-0.0324
βW21–βW101,bW21,bW101,protein,slow,0.2187,17,0.265,no,1842,0.2405,0.0386
βW21–βW344,bW21,bW344,protein,slow,0.2125,17,0.265,no,29745,0.7797,-0.5000
βW21–βW397,bW21,bW397,protein,slow,-0.0468,17,0.265,no,1,0.0000,0.0561
βW101–βW344,bW101,bW344,protein,slow,0.1609,17,0.265,no,270,0.0039,0.1615
βW101–βW397,bW101,bW397,protein,slow,0.0326,17,0.265,no,10,0.0000,0.0720
βW344–βW397,bW344,bW397,protein,slow,0.0052,17,0.265,no,100,0.0058,0.0102
αW21–αW346,aW21,aW346,water,fast,0.0758,18,0.262,no,50,0.0472,0.0309
αW21–αW388,aW21,aW388,water,fast,0.0476,18,0.262,no,0,0.0000,0.0489
αW21–αW407,aW21,aW407,water,fast,0.0645,18,0.262,no,0,0.0000,0.0737
αW21–βW21,aW21,bW21,water,fast,0.0779,18,0.262,no,1,0.0036,0.0731
αW21–βW101,aW21,bW101,water,fast,-0.0904,18,0.262,no,0,0.0000,-0.0873
αW21–βW344,aW21,bW344,water,fast,0.1138,18,0.262,no,50,0.0341,0.0857
αW21–βW397,aW21,bW397,water,fast,-0.0361,18,0.262,no,0,0.0000,-0.0316
αW346–αW388,aW346,aW388,water,fast,0.2693,18,0.262,no,7,0.0087,0.2620
αW346–αW407,aW346,aW407,water,fast,0.0471,18,0.262,no,0,0.0000,0.0502
αW346–βW21,aW346,bW21,water,fast,-0.2925,18,0.262,no,0,0.0045,-0.2968
αW346–βW101,aW346,bW101,water,fast,0.1409,18,0.262,no,3,0.0077,0.1358
αW346–βW344,aW346,bW344,water,fast,-0.2317,18,0.262,no,7,0.0212,-0.2488
αW346–βW397,aW346,bW397,water,fast,-0.1464,18,0.262,no,50,0.0748,-0.2169
αW388–αW407,aW388,aW407,water,fast,0.0636,18,0.262,no,50,0.0562,0.0083
αW388–βW21,aW388,bW21,water,fast,-0.0019,18,0.262,no,0,0.0047,-0.0040
αW388–βW101,aW388,bW101,water,fast,0.0446,18,0.262,no,0,0.0000,0.0461
αW388–βW344,aW388,bW344,water,fast,0.0185,18,0.262,no,3,0.0052,0.0127
αW388–βW397,aW388,bW397,water,fast,-0.0309,18,0.262,no,0,0.0000,-0.0249
αW407–βW21,aW407,bW21,water,fast,0.0571,18,0.262,no,6,0.0231,0.0357
αW407–βW101,aW407,bW101,water,fast,-0.0496,18,0.262,no,0,0.0000,-0.0332
αW407–βW344,aW407,bW344,water,fast,0.1346,18,0.262,no,50,0.0386,0.0890
αW407–βW397,aW407,bW397,water,fast,-0.0292,18,0.262,no,2,0.0229,-0.0429
βW21–βW101,bW21,bW101,water,fast,-0.1408,18,0.262,no,0,0.0035,-0.1428
βW21–βW344,bW21,bW344,water,fast,0.3298,18,0.262,no,41,0.0000,0.3300
βW21–βW397,bW21,bW397,water,fast,0.0539,18,0.262,no,0,0.0000,0.0597
βW101–βW344,bW101,bW344,water,fast,-0.1793,18,0.262,no,0,0.0000,-0.1751
βW101–βW397,bW101,bW397,water,fast,-0.0329,18,0.262,no,1,0.0052,-0.0324
βW344–βW397,bW344,bW397,water,fast,0.0766,18,0.262,no,0,0.0000,0.0823
